               epoch,      train/box_loss,      train/obj_loss,      train/cls_loss,   metrics/precision,      metrics/recall,     metrics/mAP_0.5,metrics/mAP_0.5:0.95,        val/box_loss,        val/obj_loss,        val/cls_loss,               x/lr0,               x/lr1,               x/lr2
                   0,            0.027208,            0.055749,            0.016797,             0.90685,             0.72845,             0.78779,              0.6218,            0.024664,             0.05846,            0.026238,              0.0811,              0.0021,              0.0021
                   1,            0.029438,            0.057775,            0.017142,             0.76489,              0.6905,              0.7384,             0.50728,            0.028842,            0.061687,            0.027383,            0.061279,           0.0042787,           0.0042787
                   2,            0.033887,            0.062167,            0.020025,              0.8556,              0.7251,             0.75962,              0.4809,            0.034297,            0.064578,            0.026026,            0.041436,           0.0064357,           0.0064357
                   3,             0.03909,            0.063418,            0.016179,             0.79057,             0.71805,              0.7245,             0.42406,            0.040479,            0.066022,            0.025616,            0.021571,           0.0085708,           0.0085708
                   4,            0.042208,            0.063609,            0.015846,             0.43418,             0.98175,             0.73649,             0.38876,            0.037442,            0.067524,            0.027341,            0.009802,            0.009802,            0.009802
                   5,            0.039398,            0.068731,            0.018685,              0.4324,             0.96446,             0.67289,             0.42989,            0.035392,            0.067437,            0.026945,            0.009802,            0.009802,            0.009802
                   6,            0.036226,             0.07113,             0.01921,              0.9107,             0.68928,             0.79107,             0.58929,             0.03056,             0.06453,            0.026614,           0.0097525,           0.0097525,           0.0097525
                   7,            0.039184,            0.067085,            0.019397,             0.91049,             0.67526,             0.79282,              0.5828,            0.030895,            0.062705,            0.025717,            0.009703,            0.009703,            0.009703
                   8,            0.040238,            0.067756,            0.017558,             0.41878,             0.98045,              0.7225,             0.45662,            0.031576,            0.062976,            0.027839,           0.0096535,           0.0096535,           0.0096535
                   9,            0.039227,            0.064257,            0.018898,              0.7852,             0.69971,             0.73688,             0.49804,            0.034906,            0.066035,            0.025347,            0.009604,            0.009604,            0.009604
                  10,            0.036807,            0.065471,            0.017144,             0.49851,             0.97562,             0.77487,             0.54575,            0.031256,            0.068836,            0.026727,           0.0095545,           0.0095545,           0.0095545
                  11,            0.035894,            0.066642,            0.017979,             0.90437,             0.68675,             0.78385,             0.56223,            0.029095,            0.064082,             0.02524,            0.009505,            0.009505,            0.009505
                  12,            0.037883,            0.067465,            0.017143,             0.43146,             0.97365,             0.71709,             0.44693,            0.033324,            0.065838,            0.025272,           0.0094555,           0.0094555,           0.0094555
                  13,            0.037589,            0.061632,            0.017865,             0.89347,             0.69676,               0.799,             0.52023,            0.031288,            0.063285,              0.0239,            0.009406,            0.009406,            0.009406
                  14,            0.036598,            0.060413,            0.019294,              0.8427,             0.65808,             0.77817,             0.50829,            0.037188,            0.064817,            0.024739,           0.0093565,           0.0093565,           0.0093565
                  15,             0.03962,            0.064401,            0.019255,             0.58975,             0.96775,             0.83433,             0.58188,            0.031248,            0.062605,            0.024183,            0.009307,            0.009307,            0.009307
                  16,            0.039251,            0.067366,            0.018465,             0.62363,             0.87037,             0.84904,             0.57345,            0.031818,            0.063124,            0.023585,           0.0092575,           0.0092575,           0.0092575
                  17,            0.037606,            0.062284,            0.017835,             0.56814,             0.92931,             0.79073,             0.54111,            0.035702,            0.064352,            0.025304,            0.009208,            0.009208,            0.009208
                  18,            0.037517,            0.063819,             0.01642,             0.52002,             0.94674,              0.7909,             0.46305,            0.036542,            0.064481,            0.026548,           0.0091585,           0.0091585,           0.0091585
                  19,            0.037624,            0.063778,            0.018192,             0.74426,             0.81346,             0.85817,             0.54746,            0.034574,            0.064501,            0.022782,            0.009109,            0.009109,            0.009109
                  20,            0.037489,              0.0636,            0.016453,             0.67839,             0.89631,             0.86489,              0.4995,            0.036174,            0.062992,            0.021538,           0.0090595,           0.0090595,           0.0090595
                  21,            0.038962,            0.066891,            0.016366,             0.80775,             0.94225,             0.93547,              0.6397,            0.031105,            0.060781,            0.021033,             0.00901,             0.00901,             0.00901
                  22,            0.036701,            0.064989,            0.015393,             0.71889,             0.87048,             0.91096,             0.64638,            0.032022,            0.061371,            0.021948,           0.0089605,           0.0089605,           0.0089605
                  23,            0.036803,            0.065514,            0.015943,             0.84236,             0.88337,             0.89388,             0.59433,            0.030189,            0.060194,            0.021488,            0.008911,            0.008911,            0.008911
                  24,            0.036083,            0.064797,              0.0162,             0.83423,             0.86487,             0.89871,             0.60407,               0.032,            0.060932,            0.021377,           0.0088615,           0.0088615,           0.0088615
                  25,            0.035982,            0.059693,            0.016243,             0.73544,             0.89851,             0.91419,               0.606,            0.031483,            0.061013,            0.020305,            0.008812,            0.008812,            0.008812
                  26,            0.035499,            0.059108,            0.015446,             0.74454,             0.81209,             0.86486,              0.5663,            0.034419,            0.062122,            0.021518,           0.0087625,           0.0087625,           0.0087625
                  27,            0.037724,            0.064619,            0.015807,             0.79022,             0.90739,             0.88106,             0.56674,            0.032357,            0.061316,            0.021135,            0.008713,            0.008713,            0.008713
                  28,             0.03581,            0.061182,            0.017635,             0.74295,             0.86472,             0.86921,             0.61175,            0.030499,            0.061529,            0.025473,           0.0086635,           0.0086635,           0.0086635
                  29,            0.034496,            0.059134,            0.016216,             0.80154,             0.89074,             0.91652,             0.62151,            0.031247,            0.061877,            0.021247,            0.008614,            0.008614,            0.008614
                  30,            0.035836,            0.058994,               0.014,             0.77372,             0.85292,             0.90671,             0.59231,             0.03294,            0.063137,            0.021511,           0.0085645,           0.0085645,           0.0085645
                  31,            0.037064,            0.064595,            0.015281,             0.84417,             0.92362,             0.92193,             0.68734,            0.027312,            0.061938,            0.020702,            0.008515,            0.008515,            0.008515
                  32,            0.032005,            0.063002,             0.01384,             0.83497,             0.91058,             0.91744,             0.66979,            0.028302,            0.061484,            0.020904,           0.0084655,           0.0084655,           0.0084655
                  33,             0.03555,            0.061115,            0.015531,             0.83947,             0.87154,             0.91608,             0.65186,            0.030077,            0.066083,            0.021135,            0.008416,            0.008416,            0.008416
                  34,            0.033366,            0.058435,            0.014697,             0.85497,             0.91071,             0.92739,             0.65599,            0.030589,            0.068378,            0.020032,           0.0083665,           0.0083665,           0.0083665
                  35,            0.033456,            0.063351,            0.014891,             0.84754,             0.77299,              0.8848,             0.62796,             0.03027,            0.066267,            0.021369,            0.008317,            0.008317,            0.008317
                  36,            0.034649,            0.059841,            0.014666,             0.84963,             0.82891,             0.88995,             0.60757,            0.032004,            0.066203,             0.02174,           0.0082675,           0.0082675,           0.0082675
                  37,            0.036623,             0.06489,            0.013752,             0.79127,              0.8249,             0.90132,              0.6622,             0.03148,            0.067537,            0.023001,            0.008218,            0.008218,            0.008218
                  38,            0.036122,            0.064885,            0.015551,             0.93449,             0.93577,             0.95477,             0.64688,            0.032661,            0.064994,            0.018966,           0.0081685,           0.0081685,           0.0081685
                  39,            0.035726,            0.061256,            0.013656,             0.93211,             0.92169,              0.9498,             0.71909,            0.027925,            0.062799,            0.018742,            0.008119,            0.008119,            0.008119
                  40,            0.031672,             0.06244,            0.014302,             0.85321,             0.89405,             0.92661,              0.6766,             0.02938,            0.063637,            0.019685,           0.0080695,           0.0080695,           0.0080695
                  41,            0.032823,            0.056919,            0.013808,             0.87673,             0.83315,             0.91326,               0.663,            0.028002,            0.063856,            0.019614,             0.00802,             0.00802,             0.00802
                  42,            0.031747,             0.06009,            0.012928,             0.88182,             0.83472,             0.90857,             0.66299,            0.027949,            0.059991,             0.01938,           0.0079705,           0.0079705,           0.0079705
                  43,            0.034435,            0.061446,            0.012208,             0.90666,             0.88424,             0.91047,             0.68034,            0.027174,             0.05866,            0.018495,            0.007921,            0.007921,            0.007921
                  44,            0.032072,            0.058239,            0.012507,             0.87883,             0.77409,             0.90238,             0.65511,            0.028323,            0.058599,             0.02189,           0.0078715,           0.0078715,           0.0078715
                  45,            0.032263,            0.057342,            0.012226,             0.93096,             0.85783,             0.92581,             0.66964,            0.028529,            0.059656,             0.01946,            0.007822,            0.007822,            0.007822
                  46,            0.033898,            0.058155,            0.012469,             0.92351,             0.90252,             0.93667,             0.63651,            0.029148,            0.060636,             0.01825,           0.0077725,           0.0077725,           0.0077725
                  47,            0.034763,             0.06008,            0.012119,             0.86919,             0.88795,             0.91571,             0.64174,            0.030771,              0.0611,            0.017488,            0.007723,            0.007723,            0.007723
                  48,            0.033712,            0.062604,            0.013057,              0.9194,             0.89183,             0.93836,             0.66088,             0.03021,            0.061525,            0.017565,           0.0076735,           0.0076735,           0.0076735
                  49,            0.034195,            0.062519,             0.01361,              0.8665,             0.82072,             0.93211,             0.63551,            0.031097,            0.064236,            0.020709,            0.007624,            0.007624,            0.007624
                  50,            0.033299,            0.057766,            0.013997,             0.74186,             0.86942,             0.93651,             0.64515,            0.032452,             0.06462,             0.02646,           0.0075745,           0.0075745,           0.0075745
                  51,             0.03427,            0.057943,            0.014777,             0.87151,              0.8376,             0.90797,             0.63508,             0.02904,            0.061245,             0.01744,            0.007525,            0.007525,            0.007525
                  52,            0.031126,            0.059002,            0.012692,             0.89047,             0.84436,             0.92338,             0.68069,            0.029467,            0.061957,            0.017268,           0.0074755,           0.0074755,           0.0074755
                  53,            0.032961,            0.058093,            0.012289,             0.90185,             0.86578,             0.93965,             0.67055,            0.029386,            0.065842,            0.016831,            0.007426,            0.007426,            0.007426
                  54,            0.032302,            0.056301,            0.011591,             0.87145,              0.8535,             0.92692,             0.64894,            0.029559,            0.064439,            0.016226,           0.0073765,           0.0073765,           0.0073765
                  55,              0.0333,            0.059657,            0.011709,             0.88916,             0.84207,             0.91096,             0.65393,            0.029067,            0.064652,             0.01611,            0.007327,            0.007327,            0.007327
                  56,            0.031167,            0.056191,            0.011449,             0.91598,             0.87983,             0.95188,              0.6889,            0.030457,            0.066847,            0.014816,           0.0072775,           0.0072775,           0.0072775
                  57,            0.035468,            0.061808,            0.009969,               0.938,              0.8698,             0.95569,             0.69964,            0.029981,            0.065052,            0.016266,            0.007228,            0.007228,            0.007228
                  58,            0.035031,            0.063097,            0.009123,             0.93679,             0.86065,             0.95725,             0.68955,            0.029519,            0.064552,             0.01631,           0.0071785,           0.0071785,           0.0071785
                  59,             0.03339,            0.058536,            0.010853,             0.90114,             0.85159,             0.95656,             0.70562,            0.026568,            0.062428,            0.015275,            0.007129,            0.007129,            0.007129
                  60,             0.03112,            0.056805,            0.009219,             0.90355,             0.85564,             0.95973,             0.69743,             0.02872,             0.06375,            0.017353,           0.0070795,           0.0070795,           0.0070795
                  61,            0.032967,            0.059758,           0.0091061,             0.92708,             0.90613,             0.95077,             0.72021,            0.028117,            0.063588,            0.012515,             0.00703,             0.00703,             0.00703
                  62,            0.033575,             0.06139,            0.010037,             0.89708,             0.90561,             0.93796,              0.6694,            0.032473,            0.065132,            0.011798,           0.0069805,           0.0069805,           0.0069805
                  63,            0.034237,            0.060245,            0.010667,             0.92994,             0.91886,             0.95836,             0.71058,            0.028829,            0.064485,            0.013278,            0.006931,            0.006931,            0.006931
                  64,            0.030603,            0.057353,           0.0094301,             0.92598,             0.85957,             0.94596,             0.70819,             0.02921,            0.063511,            0.015538,           0.0068815,           0.0068815,           0.0068815
                  65,            0.031073,            0.058476,            0.011017,             0.91494,             0.89036,             0.94151,             0.69396,            0.030071,            0.064997,            0.011373,            0.006832,            0.006832,            0.006832
                  66,             0.03219,            0.058918,           0.0098179,             0.91669,             0.91899,             0.94247,             0.69781,            0.029726,            0.065136,            0.010688,           0.0067825,           0.0067825,           0.0067825
                  67,            0.032481,            0.059515,           0.0099521,             0.91162,             0.90019,             0.93732,             0.72569,            0.026997,            0.063617,            0.011637,            0.006733,            0.006733,            0.006733
                  68,            0.029755,            0.059738,           0.0099418,             0.91594,             0.89686,             0.94279,             0.70935,            0.027979,             0.06325,            0.012629,           0.0066835,           0.0066835,           0.0066835
                  69,            0.031784,            0.057789,             0.00983,             0.91628,             0.85991,             0.94432,             0.72911,            0.026603,             0.05993,            0.018097,            0.006634,            0.006634,            0.006634
                  70,            0.032621,            0.058764,           0.0087628,             0.91433,             0.83075,             0.94024,             0.68748,            0.029049,            0.060088,            0.019613,           0.0065845,           0.0065845,           0.0065845
                  71,            0.032554,            0.057259,           0.0098915,             0.91979,              0.8464,             0.93844,             0.72589,            0.026611,             0.05915,            0.015327,            0.006535,            0.006535,            0.006535
                  72,            0.029164,            0.056025,           0.0090861,             0.92334,             0.88148,             0.93666,             0.72451,            0.027443,            0.059488,            0.011671,           0.0064855,           0.0064855,           0.0064855
                  73,            0.030969,            0.055302,           0.0083776,             0.93106,             0.86635,             0.93951,             0.70669,            0.026517,            0.061509,            0.010567,            0.006436,            0.006436,            0.006436
                  74,            0.031454,            0.058462,           0.0086324,             0.93241,             0.88789,             0.94162,             0.66607,            0.029429,            0.064101,           0.0098658,           0.0063865,           0.0063865,           0.0063865
                  75,            0.033212,            0.059779,           0.0085634,             0.92584,             0.88729,             0.93817,             0.68158,            0.027939,            0.064017,           0.0097982,            0.006337,            0.006337,            0.006337
                  76,            0.029397,             0.05542,           0.0075547,             0.93639,             0.87374,              0.9364,             0.66906,            0.028569,            0.064214,            0.012421,           0.0062875,           0.0062875,           0.0062875
                  77,            0.031028,            0.057101,           0.0096659,             0.92933,             0.89385,              0.9544,             0.71557,             0.02661,            0.060845,            0.010212,            0.006238,            0.006238,            0.006238
                  78,             0.03117,            0.058358,           0.0086339,             0.94899,             0.89185,             0.95473,             0.73712,            0.025518,            0.060275,            0.011056,           0.0061885,           0.0061885,           0.0061885
                  79,             0.03267,            0.060692,           0.0096227,              0.9363,             0.89426,             0.94993,             0.74618,            0.024748,            0.058837,            0.011245,            0.006139,            0.006139,            0.006139
                  80,            0.029465,            0.058901,           0.0082167,             0.93683,             0.91932,             0.96467,             0.72132,            0.028244,            0.061986,           0.0093462,           0.0060895,           0.0060895,           0.0060895
                  81,            0.030687,            0.057741,           0.0084985,              0.8641,             0.86749,             0.95451,             0.71453,            0.026795,            0.062531,            0.015155,             0.00604,             0.00604,             0.00604
                  82,            0.030527,            0.058955,             0.00864,             0.93322,             0.91834,             0.96379,             0.71669,            0.026695,            0.061919,           0.0099058,           0.0059905,           0.0059905,           0.0059905
                  83,            0.031026,            0.057122,           0.0086511,             0.93818,             0.91587,             0.95111,             0.72812,            0.026201,            0.060408,           0.0092693,            0.005941,            0.005941,            0.005941
                  84,            0.029472,             0.05385,           0.0078949,             0.93544,             0.90795,             0.94103,             0.72987,            0.025499,            0.059353,           0.0094744,           0.0058915,           0.0058915,           0.0058915
                  85,            0.030865,            0.056036,           0.0082354,             0.91116,             0.86761,              0.9079,             0.69166,            0.026339,            0.059482,            0.010489,            0.005842,            0.005842,            0.005842
                  86,            0.029432,            0.056386,           0.0071695,             0.84912,             0.86715,              0.8873,             0.65164,            0.027382,            0.059833,            0.012083,           0.0057925,           0.0057925,           0.0057925
                  87,            0.030253,            0.057167,           0.0075521,             0.92312,             0.90488,             0.92626,              0.7051,            0.026681,            0.059462,           0.0093325,            0.005743,            0.005743,            0.005743
                  88,            0.029628,            0.058534,           0.0087441,             0.93226,             0.91393,             0.92792,             0.72424,            0.027049,            0.059601,           0.0089403,           0.0056935,           0.0056935,           0.0056935
                  89,            0.031073,            0.056825,           0.0069066,             0.92712,             0.91747,             0.93308,             0.71801,            0.025449,            0.059006,           0.0097642,            0.005644,            0.005644,            0.005644
                  90,            0.029189,            0.054516,           0.0088969,             0.91508,             0.91507,             0.92581,             0.71079,            0.026858,            0.061406,            0.009273,           0.0055945,           0.0055945,           0.0055945
                  91,            0.031266,            0.059515,            0.007428,              0.9138,             0.87734,             0.91467,             0.70376,            0.026253,             0.06316,            0.010201,            0.005545,            0.005545,            0.005545
                  92,            0.028944,            0.056047,           0.0093084,             0.89875,             0.87115,             0.91873,             0.70281,            0.026745,            0.063866,            0.011145,           0.0054955,           0.0054955,           0.0054955
                  93,            0.029214,            0.055933,           0.0088339,             0.91832,             0.90079,             0.93021,             0.72405,            0.026717,            0.064572,            0.010534,            0.005446,            0.005446,            0.005446
                  94,            0.028919,            0.058786,           0.0079176,             0.91687,             0.90992,             0.92971,             0.73297,            0.026426,             0.06277,            0.010195,           0.0053965,           0.0053965,           0.0053965
                  95,            0.029428,            0.055852,           0.0091612,             0.92066,             0.91594,             0.93005,             0.73755,            0.025058,             0.06042,             0.00973,            0.005347,            0.005347,            0.005347
                  96,             0.02818,            0.053617,           0.0066175,             0.91845,             0.89842,             0.93465,             0.72558,            0.027262,            0.061358,           0.0092621,           0.0052975,           0.0052975,           0.0052975
                  97,             0.02875,            0.056857,           0.0070847,             0.93525,             0.91796,             0.93269,               0.718,            0.026516,            0.061754,           0.0089861,            0.005248,            0.005248,            0.005248
                  98,            0.030048,            0.057747,           0.0069346,             0.91075,             0.86697,             0.91736,             0.69076,            0.027305,            0.062077,            0.010338,           0.0051985,           0.0051985,           0.0051985
                  99,            0.030113,            0.054811,           0.0082381,             0.92696,              0.9078,             0.92908,             0.70537,            0.026273,            0.061206,           0.0094706,            0.005149,            0.005149,            0.005149
                 100,            0.030127,            0.057377,           0.0067797,             0.92681,             0.91817,             0.93381,              0.7243,            0.026846,            0.061364,            0.009376,           0.0050995,           0.0050995,           0.0050995
                 101,            0.029029,            0.057736,            0.008424,             0.88219,             0.87579,             0.92687,             0.71644,            0.025622,            0.062015,            0.010441,             0.00505,             0.00505,             0.00505
                 102,            0.029901,            0.057452,           0.0081048,             0.92508,             0.90853,             0.92869,             0.68488,             0.02709,             0.06374,           0.0093452,           0.0050005,           0.0050005,           0.0050005
                 103,            0.030134,            0.058287,           0.0062321,             0.92523,             0.90894,             0.93078,              0.7135,            0.025144,            0.063737,            0.010205,            0.004951,            0.004951,            0.004951
                 104,            0.028373,            0.057554,           0.0067995,             0.92155,             0.90102,             0.93201,             0.71015,            0.026144,             0.06471,            0.010185,           0.0049015,           0.0049015,           0.0049015
                 105,            0.028021,            0.054415,           0.0068612,             0.92321,             0.90522,              0.9381,             0.72734,            0.026495,            0.064325,           0.0096895,            0.004852,            0.004852,            0.004852
                 106,            0.029877,            0.057612,           0.0065831,             0.92258,             0.90959,             0.94423,             0.71421,            0.026712,            0.064472,           0.0089821,           0.0048025,           0.0048025,           0.0048025
                 107,            0.029158,             0.05495,           0.0080326,             0.91941,             0.91249,             0.94782,              0.7194,            0.026773,            0.064568,           0.0095419,            0.004753,            0.004753,            0.004753
                 108,            0.028107,            0.052003,           0.0079363,             0.91758,             0.90899,             0.94508,             0.73863,            0.025836,            0.063875,           0.0095886,           0.0047035,           0.0047035,           0.0047035
                 109,            0.028767,            0.055598,            0.005704,             0.91807,             0.90904,              0.9401,             0.73518,               0.025,            0.064123,            0.010517,            0.004654,            0.004654,            0.004654
                 110,            0.029746,            0.059163,           0.0064743,             0.91987,             0.90996,             0.93941,             0.73161,            0.024687,            0.063653,            0.010498,           0.0046045,           0.0046045,           0.0046045
                 111,            0.029679,             0.05728,           0.0057371,             0.92632,             0.91315,             0.93296,             0.73436,            0.024544,            0.063102,            0.010854,            0.004555,            0.004555,            0.004555
                 112,            0.027314,            0.055175,            0.005765,             0.91735,             0.91442,             0.93039,             0.71738,            0.026142,            0.061529,            0.012116,           0.0045055,           0.0045055,           0.0045055
                 113,            0.028006,            0.057307,           0.0073034,             0.90503,             0.86993,             0.92602,             0.71709,            0.025663,            0.058631,             0.01196,            0.004456,            0.004456,            0.004456
                 114,            0.028331,            0.057994,            0.007513,             0.94244,             0.89081,             0.93843,             0.72347,            0.025238,            0.057135,            0.012193,           0.0044065,           0.0044065,           0.0044065
                 115,            0.028913,             0.05475,           0.0068139,             0.95091,             0.92665,             0.94629,             0.73657,            0.024209,            0.056226,            0.010096,            0.004357,            0.004357,            0.004357
                 116,             0.02761,             0.05413,           0.0072756,             0.95288,             0.91295,             0.95071,             0.73504,            0.024288,            0.056026,           0.0085938,           0.0043075,           0.0043075,           0.0043075
                 117,            0.027389,            0.058009,            0.007061,             0.94076,             0.90489,             0.95374,             0.74599,            0.026067,            0.057735,           0.0084747,            0.004258,            0.004258,            0.004258
                 118,            0.028613,            0.054251,           0.0062926,             0.93614,             0.90477,             0.95195,             0.74478,            0.026378,            0.058337,           0.0087486,           0.0042085,           0.0042085,           0.0042085
                 119,            0.028761,            0.058722,           0.0060282,             0.93024,             0.88743,             0.94777,             0.74446,            0.025146,            0.058418,           0.0090353,            0.004159,            0.004159,            0.004159
                 120,             0.02703,            0.050006,           0.0065138,             0.90913,             0.90032,             0.94091,             0.73501,            0.025749,            0.059346,            0.010488,           0.0041095,           0.0041095,           0.0041095
                 121,            0.028436,            0.055751,           0.0063666,             0.93116,             0.91119,             0.95034,             0.73076,            0.024934,            0.059846,            0.010656,             0.00406,             0.00406,             0.00406
                 122,            0.027627,            0.054008,           0.0056654,             0.93667,             0.91992,             0.95391,               0.742,            0.024802,             0.05934,            0.010239,           0.0040105,           0.0040105,           0.0040105
                 123,            0.028104,            0.054231,            0.007331,              0.9338,             0.91226,             0.95092,              0.7438,            0.024433,             0.05963,             0.01117,            0.003961,            0.003961,            0.003961
                 124,            0.027879,            0.057116,           0.0066932,             0.92964,              0.9153,             0.94958,              0.7434,            0.024658,            0.060997,            0.010245,           0.0039115,           0.0039115,           0.0039115
                 125,            0.027004,            0.054166,           0.0072354,             0.91696,              0.9096,             0.94424,              0.7381,            0.026019,            0.061356,             0.01398,            0.003862,            0.003862,            0.003862
                 126,            0.027418,            0.053629,           0.0065163,             0.93519,             0.87962,             0.93833,             0.73897,            0.025446,            0.060283,            0.015546,           0.0038125,           0.0038125,           0.0038125
                 127,            0.027238,            0.053145,           0.0069297,             0.93135,             0.87563,             0.93007,             0.73319,            0.024847,            0.059076,            0.015129,            0.003763,            0.003763,            0.003763
                 128,            0.027329,            0.055861,           0.0055689,             0.91914,             0.87827,              0.9198,             0.71849,            0.025688,            0.059811,            0.013094,           0.0037135,           0.0037135,           0.0037135
                 129,            0.027833,            0.053142,            0.006493,             0.91466,             0.90017,             0.92951,             0.72688,            0.024363,             0.06072,            0.013827,            0.003664,            0.003664,            0.003664
                 130,            0.028147,            0.055685,           0.0058648,             0.91612,              0.9002,             0.92992,             0.71958,            0.024779,            0.062035,            0.014129,           0.0036145,           0.0036145,           0.0036145
                 131,            0.028347,            0.053451,           0.0057385,             0.90806,             0.90575,             0.93441,              0.7238,            0.024537,            0.063086,            0.012898,            0.003565,            0.003565,            0.003565
                 132,            0.026536,            0.051429,           0.0052683,             0.90066,             0.90284,             0.93519,             0.72241,            0.024925,            0.063553,            0.011721,           0.0035155,           0.0035155,           0.0035155
                 133,            0.027519,            0.054225,           0.0054567,              0.9036,             0.90485,             0.94051,             0.74169,            0.026389,             0.06462,            0.011236,            0.003466,            0.003466,            0.003466
                 134,            0.026335,            0.050975,           0.0092034,             0.91354,             0.88011,             0.93695,             0.73776,            0.025602,            0.063616,            0.012644,           0.0034165,           0.0034165,           0.0034165
                 135,               0.028,             0.05514,           0.0061131,             0.90385,             0.89542,             0.93779,             0.74351,             0.02456,            0.062173,            0.013975,            0.003367,            0.003367,            0.003367
                 136,            0.026256,            0.052006,           0.0056679,             0.90872,             0.89959,             0.93949,             0.74627,            0.024551,            0.061957,             0.01634,           0.0033175,           0.0033175,           0.0033175
                 137,            0.026179,            0.052308,           0.0051509,             0.91929,             0.90888,             0.94001,             0.74276,            0.025742,            0.061693,            0.014725,            0.003268,            0.003268,            0.003268
                 138,            0.026878,            0.053353,           0.0058448,             0.91551,             0.90311,             0.93908,             0.73921,            0.025681,            0.060868,            0.015034,           0.0032185,           0.0032185,           0.0032185
                 139,            0.026887,            0.053161,           0.0064731,              0.9205,             0.90934,             0.94282,             0.74589,            0.024678,             0.05934,            0.013264,            0.003169,            0.003169,            0.003169
                 140,            0.026239,            0.053826,           0.0055113,             0.91974,             0.90823,             0.94362,             0.75108,            0.025158,            0.059206,            0.012952,           0.0031195,           0.0031195,           0.0031195
                 141,            0.026838,            0.055265,           0.0057908,             0.92938,               0.912,             0.94779,             0.74305,            0.024787,            0.058383,             0.01173,             0.00307,             0.00307,             0.00307
                 142,            0.026604,            0.051194,           0.0046361,             0.92977,             0.91123,              0.9495,             0.74168,             0.02484,            0.058318,            0.011158,           0.0030205,           0.0030205,           0.0030205
                 143,            0.026575,            0.051933,           0.0058255,             0.92126,             0.91365,             0.94755,             0.75112,            0.024183,             0.05925,              0.0105,            0.002971,            0.002971,            0.002971
                 144,            0.025415,             0.05194,           0.0052353,             0.91843,             0.91077,             0.94921,             0.74143,            0.024362,            0.060629,            0.011184,           0.0029215,           0.0029215,           0.0029215
                 145,            0.026403,            0.055537,           0.0052149,             0.92063,             0.91014,             0.95019,             0.75288,            0.024293,             0.06001,            0.011335,            0.002872,            0.002872,            0.002872
                 146,            0.026682,            0.053832,           0.0051886,             0.92595,              0.9086,             0.94716,             0.75432,            0.023629,            0.058502,            0.011253,           0.0028225,           0.0028225,           0.0028225
                 147,            0.027051,            0.054284,           0.0045551,             0.92272,             0.91152,              0.9434,              0.7424,            0.024371,            0.058682,            0.011151,            0.002773,            0.002773,            0.002773
                 148,            0.026456,            0.051286,           0.0036384,             0.92314,             0.91607,             0.94224,             0.74779,            0.023844,            0.058395,            0.010129,           0.0027235,           0.0027235,           0.0027235
                 149,            0.026407,            0.053914,           0.0069408,             0.91838,             0.91532,             0.94156,             0.74555,            0.024033,            0.058479,           0.0094984,            0.002674,            0.002674,            0.002674
                 150,            0.026071,            0.055363,           0.0044724,             0.92141,             0.91822,             0.94046,             0.74492,            0.023881,            0.057751,           0.0093974,           0.0026245,           0.0026245,           0.0026245
                 151,             0.02651,            0.052638,             0.00484,             0.92045,             0.91732,              0.9442,             0.75208,            0.023734,            0.057493,           0.0092732,            0.002575,            0.002575,            0.002575
                 152,            0.025814,            0.050561,           0.0043745,             0.91559,             0.92008,             0.94862,             0.75399,            0.023901,            0.057425,           0.0094734,           0.0025255,           0.0025255,           0.0025255
                 153,            0.025442,            0.051711,           0.0040876,             0.91822,             0.92124,             0.95205,             0.75169,            0.023735,            0.057615,           0.0097118,            0.002476,            0.002476,            0.002476
                 154,            0.024902,            0.052548,           0.0042588,             0.92101,             0.92062,             0.95037,             0.75649,            0.023719,            0.057196,           0.0099478,           0.0024265,           0.0024265,           0.0024265
                 155,            0.026231,            0.052576,           0.0041846,             0.92698,             0.91925,              0.9488,             0.75756,            0.023515,            0.056839,           0.0097166,            0.002377,            0.002377,            0.002377
                 156,            0.026167,            0.054032,           0.0047865,             0.91927,             0.92023,             0.95032,              0.7556,            0.023475,            0.056307,           0.0093761,           0.0023275,           0.0023275,           0.0023275
                 157,            0.025025,            0.051741,           0.0049709,             0.91702,             0.91711,             0.94798,             0.75396,             0.02376,            0.056977,           0.0098118,            0.002278,            0.002278,            0.002278
                 158,             0.02569,            0.052128,           0.0042802,             0.91789,             0.91614,             0.94462,             0.75194,            0.023715,            0.056903,            0.010216,           0.0022285,           0.0022285,           0.0022285
                 159,            0.026023,            0.050548,            0.004576,             0.91651,             0.91322,             0.94569,             0.75167,            0.023673,            0.057528,            0.011123,            0.002179,            0.002179,            0.002179
                 160,            0.025311,            0.052507,            0.003889,             0.91756,             0.91719,             0.94611,              0.7519,            0.023613,            0.057696,            0.012208,           0.0021295,           0.0021295,           0.0021295
                 161,            0.025073,            0.052375,           0.0035512,             0.91814,             0.91287,             0.94602,             0.75255,            0.023602,            0.058992,            0.012975,             0.00208,             0.00208,             0.00208
                 162,            0.025979,            0.052378,            0.003767,             0.91942,              0.9106,             0.94552,             0.75218,            0.023757,            0.059862,            0.012568,           0.0020305,           0.0020305,           0.0020305
                 163,            0.026021,            0.051631,           0.0049359,             0.91725,             0.91623,             0.94635,             0.74919,            0.023649,            0.060133,            0.012006,            0.001981,            0.001981,            0.001981
                 164,            0.025287,            0.050427,            0.004407,             0.92103,             0.91211,             0.94726,             0.75296,            0.023695,            0.059043,            0.011836,           0.0019315,           0.0019315,           0.0019315
                 165,            0.025342,            0.055175,           0.0041356,             0.91644,             0.91714,             0.94607,             0.75382,            0.023651,            0.058711,            0.011567,            0.001882,            0.001882,            0.001882
                 166,            0.025247,            0.052398,           0.0039238,             0.91924,             0.91371,             0.94696,             0.75577,            0.023775,            0.058782,            0.011448,           0.0018325,           0.0018325,           0.0018325
                 167,            0.025901,            0.052715,           0.0042533,             0.91909,             0.91598,              0.9479,             0.76146,            0.023656,            0.059066,            0.011351,            0.001783,            0.001783,            0.001783
                 168,            0.025823,            0.052279,           0.0046259,             0.91884,             0.91417,             0.94887,              0.7512,            0.023578,            0.058244,            0.011909,           0.0017335,           0.0017335,           0.0017335
                 169,            0.026297,            0.053498,           0.0038838,             0.91789,             0.91549,             0.94799,             0.75799,            0.023411,            0.057954,            0.012112,            0.001684,            0.001684,            0.001684
                 170,            0.024787,            0.053116,            0.003902,             0.91701,             0.91549,             0.94608,             0.75358,            0.023363,            0.057448,            0.012332,           0.0016345,           0.0016345,           0.0016345
                 171,            0.024389,            0.048979,           0.0045403,             0.91838,             0.91566,             0.94736,             0.75849,            0.023412,            0.057167,            0.013007,            0.001585,            0.001585,            0.001585
                 172,            0.025102,            0.052308,           0.0052581,             0.91837,             0.91285,             0.95045,             0.76108,            0.023449,            0.057259,            0.013093,           0.0015355,           0.0015355,           0.0015355
                 173,            0.024793,            0.051294,            0.004479,             0.92111,             0.91858,             0.95472,             0.76211,            0.023588,            0.058105,            0.011819,            0.001486,            0.001486,            0.001486
                 174,            0.024716,            0.052573,           0.0040545,             0.92273,             0.91747,             0.95599,             0.76496,            0.023637,            0.058621,             0.01115,           0.0014365,           0.0014365,           0.0014365
                 175,            0.025506,            0.054604,           0.0043595,             0.92307,             0.91632,             0.95672,             0.76937,            0.023548,            0.058375,            0.011066,            0.001387,            0.001387,            0.001387
                 176,            0.024849,            0.052796,           0.0040757,             0.92332,             0.91747,             0.95627,             0.76577,            0.023507,            0.057809,            0.010837,           0.0013375,           0.0013375,           0.0013375
                 177,            0.025137,            0.052782,           0.0043021,             0.92343,             0.91933,             0.95723,             0.76443,            0.023381,            0.057786,            0.010366,            0.001288,            0.001288,            0.001288
                 178,            0.025401,            0.054522,           0.0041443,             0.92403,             0.91858,             0.95831,             0.76693,            0.023306,            0.057488,            0.010515,           0.0012385,           0.0012385,           0.0012385
                 179,            0.025957,            0.054211,           0.0050709,             0.92381,             0.92158,             0.95751,             0.76764,             0.02344,            0.057283,            0.010212,            0.001189,            0.001189,            0.001189
                 180,            0.025173,             0.05265,           0.0057368,             0.92508,             0.92312,             0.95724,             0.76444,            0.023284,            0.057261,            0.010049,           0.0011395,           0.0011395,           0.0011395
                 181,            0.024956,            0.053155,            0.003267,             0.92459,             0.92241,              0.9561,             0.76841,            0.023367,            0.057377,           0.0099827,             0.00109,             0.00109,             0.00109
                 182,            0.025404,            0.052611,           0.0044219,             0.92474,             0.92165,             0.95495,             0.76805,             0.02339,            0.057532,            0.010243,           0.0010405,           0.0010405,           0.0010405
                 183,            0.024154,            0.049039,           0.0051113,             0.92359,             0.91974,             0.95422,             0.76407,            0.023288,            0.058057,            0.010766,            0.000991,            0.000991,            0.000991
                 184,            0.025122,            0.051898,           0.0044945,             0.92043,             0.91565,             0.95053,             0.76005,            0.023328,            0.058581,            0.011192,           0.0009415,           0.0009415,           0.0009415
                 185,            0.023803,            0.048381,           0.0041138,             0.92097,              0.9153,             0.95074,             0.76142,            0.023465,            0.059812,            0.011838,            0.000892,            0.000892,            0.000892
                 186,            0.025261,            0.050777,           0.0037278,             0.91984,             0.91016,             0.95073,             0.75964,            0.023501,            0.060389,            0.012542,           0.0008425,           0.0008425,           0.0008425
                 187,            0.024554,            0.052705,           0.0034003,             0.91947,             0.90961,             0.94739,             0.75862,            0.023609,            0.061076,            0.013535,            0.000793,            0.000793,            0.000793
                 188,             0.02488,            0.049868,           0.0042003,              0.9193,             0.90932,             0.94688,             0.75808,            0.023635,            0.061351,            0.013806,           0.0007435,           0.0007435,           0.0007435
                 189,            0.024579,            0.049663,           0.0042389,             0.91819,             0.90571,             0.94572,             0.75491,            0.023619,            0.061401,              0.0149,            0.000694,            0.000694,            0.000694
                 190,            0.024633,              0.0492,           0.0035719,             0.91762,             0.90607,             0.94553,             0.75386,            0.023574,            0.061032,            0.015629,           0.0006445,           0.0006445,           0.0006445
                 191,             0.02439,            0.049074,           0.0039946,             0.91992,             0.90556,              0.9453,             0.75707,            0.023584,            0.060855,            0.016047,            0.000595,            0.000595,            0.000595
                 192,             0.02435,             0.05086,           0.0026891,             0.92278,             0.90447,             0.94606,             0.75659,            0.023538,            0.060239,            0.015841,           0.0005455,           0.0005455,           0.0005455
                 193,            0.025079,            0.050081,            0.005546,             0.92327,             0.89921,             0.94663,             0.75939,            0.023477,            0.060144,            0.015491,            0.000496,            0.000496,            0.000496
                 194,            0.024979,            0.052317,           0.0038412,             0.92405,             0.89932,               0.947,             0.75884,            0.023481,             0.06018,            0.014788,           0.0004465,           0.0004465,           0.0004465
                 195,            0.025211,            0.054611,           0.0035438,             0.91731,             0.90774,             0.94794,             0.75926,            0.023543,            0.060778,            0.013797,            0.000397,            0.000397,            0.000397
                 196,            0.023868,            0.051626,           0.0036461,             0.91906,             0.91102,             0.94851,             0.76279,            0.023531,            0.060786,             0.01314,           0.0003475,           0.0003475,           0.0003475
                 197,            0.024313,            0.048475,           0.0035957,             0.92122,             0.91339,             0.94986,             0.76249,             0.02357,             0.06116,            0.012731,            0.000298,            0.000298,            0.000298
                 198,             0.02474,            0.051753,           0.0036007,             0.92042,             0.91404,             0.95038,              0.7608,            0.023524,            0.061073,            0.012448,           0.0002485,           0.0002485,           0.0002485
                 199,            0.024726,            0.051254,           0.0037302,             0.92015,             0.91472,             0.95031,             0.76169,            0.023521,            0.061116,            0.012315,            0.000199,            0.000199,            0.000199
